{"last_sent": 1782657202.4394965, "last_message": "你忙你的，我就是突然想说话了", "seen": true, "seen_at": 1782657202.457768, "cooldowns": {"silence": 1782647292.9964726, "fallback": 1782657202.4394965}}